{"rouge-1": {"r": 0.7647058823529411, "p": 0.7647058823529411, "f": 0.7647058773529413}, "rouge-2": {"r": 0.676056338028169, "p": 0.676056338028169, "f": 0.676056333028169}, "rouge-l": {"r": 0.7450980392156863, "p": 0.7450980392156863, "f": 0.7450980342156863}}